ISO,Country,Data source,Sector,Gas,Unit,2019,2018,2017,2016,2015,2014,2013,2012,2011,2010,2009,2008,2007,2006,2005,2004,2003,2002,2001,2000,1999,1998,1997,1996,1995,1994,1993,1992,1991,1990
CHN,China,Climate Watch,Energy,All GHG,MtCO₂e,10556.44,10378.27,9899.25,9684.34,9729.44,9839.29,9821.45,9400.86,9149.77,8372.16,7634.68,7152.46,6950.16,6413.13,5829.47,5125.3,4411.73,3818.51,3553.04,3387.35,3200.39,3303.33,3215.37,3159.77,3189.31,2866.98,2757.63,2543.2,2446.89,2332.87
USA,United States,Climate Watch,Energy,All GHG,MtCO₂e,5268.41,5389.97,5187.82,5248.54,5364.49,5476.86,5438.79,5289.95,5496.63,5698.17,5444.7,5841.08,6008.78,5915.64,6014.38,5997.73,5919.17,5853.84,6014.99,6044.24,5875.01,5862.85,5817.87,5547.22,5388.85,5335.42,5257.87,5149.38,5076.9,5114.63
EUU,European Union (27),Climate Watch,Energy,All GHG,MtCO₂e,2739.25,2876.26,2941.42,2920.23,2911.0,2851.58,3003.81,3079.87,3135.52,3232.87,3144.1,3376.55,3447.26,3494.3,3487.88,3503.86,3505.44,3413.75,3420.95,3361.58,3355.22,3415.23,3428.49,3503.51,3397.68,3349.51,3368.81,3427.13,3552.6,3587.76
IND,India,Climate Watch,Energy,All GHG,MtCO₂e,2432.88,2469.49,2332.55,2219.94,2186.68,2173.39,2002.18,1945.56,1799.36,1704.65,1609.43,1466.85,1379.23,1256.83,1180.34,1131.16,1058.71,1031.77,999.77,984.46,948.39,888.07,874.54,829.33,794.81,741.92,708.38,685.17,670.08,626.41
RUS,Russia,Climate Watch,Energy,All GHG,MtCO₂e,2175.29,2124.98,2034.27,1998.04,2001.25,2011.64,2033.67,2076.85,2110.37,2023.54,1941.79,2056.7,2065.99,2056.26,2018.84,1991.22,1988.73,1913.67,1904.0,1888.98,1842.91,1802.32,1798.23,1921.84,1958.35,2015.72,2219.69,2381.83,2540.71,2598.11
CHN,China,Climate Watch,Industrial Processes,All GHG,MtCO₂e,1213.39,1150.09,1128.59,1106.88,1075.58,1104.13,1058.98,1002.33,975.36,885.58,808.64,730.0,698.16,632.32,552.88,492.82,461.25,373.39,344.63,301.37,277.78,253.39,237.4,219.9,204.11,180.08,157.02,135.16,112.6,94.35
JPN,Japan,Climate Watch,Energy,All GHG,MtCO₂e,1064.13,1101.9,1141.83,1156.06,1168.95,1208.01,1258.1,1246.12,1205.98,1149.38,1093.1,1146.71,1214.27,1177.79,1199.93,1192.49,1198.38,1190.4,1153.96,1165.35,1149.86,1110.39,1148.19,1158.33,1143.94,1133.2,1080.49,1087.42,1077.35,1065.15
IDN,Indonesia,Climate Watch,Land-Use Change and Forestry,All GHG,MtCO₂e,891.35,661.53,480.33,514.87,1141.12,1102.32,771.88,798.29,782.89,293.85,673.96,294.15,304.12,872.64,474.34,745.58,404.52,760.89,276.75,462.12,536.83,664.91,1440.8,495.54,665.12,663.66,663.68,663.69,663.69,663.69
IRN,Iran,Climate Watch,Energy,All GHG,MtCO₂e,766.31,757.18,765.92,735.6,700.51,700.8,669.68,650.13,654.74,644.37,646.79,629.52,622.24,592.01,555.19,517.58,485.19,451.54,439.7,427.85,404.66,373.69,377.97,366.22,356.53,352.05,321.92,313.86,296.02,269.48
IND,India,Climate Watch,Agriculture,All GHG,MtCO₂e,731.75,722.09,712.76,704.92,703.96,699.2,697.62,695.08,701.28,690.91,680.87,686.83,679.15,661.96,647.23,627.86,618.26,606.58,622.57,617.43,622.77,619.17,611.91,606.54,599.02,594.6,586.6,579.89,573.39,566.01
IDN,Indonesia,Climate Watch,Energy,All GHG,MtCO₂e,704.21,660.46,596.9,570.92,577.93,580.17,551.89,580.49,573.84,500.27,468.91,445.78,449.92,434.07,402.63,397.02,388.6,358.01,353.42,332.69,334.41,316.9,312.79,287.99,273.09,247.78,232.59,218.07,208.26,190.74
DEU,Germany,Climate Watch,Energy,All GHG,MtCO₂e,659.57,708.86,733.49,748.94,744.05,737.42,779.43,762.3,748.2,776.61,737.5,792.15,785.26,817.2,804.62,822.25,838.76,835.71,849.43,830.01,832.92,864.97,872.77,904.93,873.77,875.1,887.33,893.18,934.69,956.8
CHN,China,Climate Watch,Agriculture,All GHG,MtCO₂e,627.5,674.22,684.72,698.71,699.38,692.06,691.1,691.41,689.9,695.63,694.89,693.49,681.07,689.62,687.51,679.74,661.23,671.76,666.27,677.31,689.28,669.35,646.67,714.89,672.06,612.91,592.86,605.57,601.0,590.66
KOR,South Korea,Climate Watch,Energy,All GHG,MtCO₂e,595.91,614.34,608.79,597.66,590.99,571.49,583.58,584.47,582.55,559.47,510.42,497.26,485.81,472.74,465.55,467.77,443.81,441.65,442.06,433.83,385.7,350.97,410.27,389.79,365.78,336.92,313.88,288.74,272.5,250.79
BRA,Brazil,Climate Watch,Agriculture,All GHG,MtCO₂e,504.86,492.99,502.98,498.28,496.59,494.78,485.38,489.05,488.27,490.52,459.67,460.25,469.26,459.05,467.78,463.14,439.87,421.66,397.56,379.66,375.19,373.11,362.41,354.3,372.53,366.49,358.48,356.74,350.69,339.62
BRA,Brazil,Climate Watch,Energy,All GHG,MtCO₂e,462.36,462.57,485.04,471.92,507.78,529.82,504.17,472.47,437.32,417.57,368.91,392.76,370.88,355.0,351.27,346.68,328.11,332.57,330.72,323.34,308.75,297.09,287.07,268.3,248.08,230.46,222.64,215.71,211.34,204.64
BRA,Brazil,Climate Watch,Land-Use Change and Forestry,All GHG,MtCO₂e,397.9,389.16,400.36,394.86,276.14,269.33,265.57,274.35,268.23,1127.26,1104.66,1109.96,1126.83,1111.23,1124.04,1119.37,1116.39,1118.25,1109.74,1041.6,1058.61,1064.73,1053.37,1050.7,1052.09,1052.09,1052.09,1052.07,1052.07,1052.07
EUU,European Union (27),Climate Watch,Agriculture,All GHG,MtCO₂e,394.12,395.43,404.97,404.47,405.2,401.81,397.3,394.34,394.5,401.32,400.59,407.65,412.14,406.77,410.5,417.9,418.75,423.0,426.74,433.32,438.13,441.02,445.5,446.95,443.68,450.89,456.37,471.28,495.73,521.0
USA,United States,Climate Watch,Agriculture,All GHG,MtCO₂e,377.26,379.5,373.33,374.66,364.19,363.4,363.92,365.64,369.82,370.83,368.31,366.69,371.24,371.05,364.76,365.12,366.5,359.87,360.37,362.52,368.39,370.85,372.32,373.71,369.32,371.11,361.19,360.06,352.62,356.33
ITA,Italy,Climate Watch,Energy,All GHG,MtCO₂e,319.76,327.61,332.11,336.0,340.26,329.29,348.47,377.98,394.98,404.08,395.5,441.45,453.75,461.0,468.2,465.96,456.42,437.38,429.97,430.31,427.55,421.58,410.75,407.44,410.27,387.23,391.51,394.35,396.65,397.45
FRA,France,Climate Watch,Energy,All GHG,MtCO₂e,302.18,308.6,319.62,315.61,312.84,307.07,340.08,339.34,335.05,349.48,345.17,358.32,362.3,371.16,380.83,378.06,377.45,371.45,377.4,373.76,375.83,381.91,360.29,369.33,353.1,345.01,350.82,369.42,380.64,354.84
POL,Poland,Climate Watch,Energy,All GHG,MtCO₂e,295.74,313.15,313.75,301.05,290.19,286.68,300.23,304.9,311.02,315.62,298.89,308.93,313.35,315.38,303.1,303.31,299.45,288.81,294.79,295.51,309.29,318.54,345.05,356.77,340.73,340.45,346.71,344.26,352.62,350.39
EUU,European Union (27),Climate Watch,Bunker Fuels,All GHG,MtCO₂e,263.79,262.68,252.47,242.18,233.11,227.81,230.57,237.73,249.3,247.05,245.02,271.6,271.54,260.17,245.36,238.8,225.53,218.8,216.26,214.22,201.04,200.12,190.92,179.6,171.85,168.18,165.91,163.37,158.64,160.23
USA,United States,Climate Watch,Industrial Processes,All GHG,MtCO₂e,238.67,231.67,227.96,222.02,221.22,219.36,209.35,210.15,217.0,204.59,190.55,208.91,221.72,208.39,204.42,199.03,191.49,202.07,192.09,208.7,206.14,209.71,198.51,197.28,187.54,165.51,160.57,157.31,154.31,164.71
ESP,Spain,Climate Watch,Energy,All GHG,MtCO₂e,237.8,253.76,260.24,243.65,253.05,238.09,241.17,267.04,271.52,268.57,282.46,315.68,343.91,330.95,339.65,325.16,308.43,302.94,285.46,284.22,269.42,247.88,241.47,223.59,233.79,222.7,213.96,228.01,216.1,208.49
CHN,China,Climate Watch,Waste,All GHG,MtCO₂e,203.54,197.57,191.61,185.65,179.68,174.62,169.55,164.48,158.46,152.44,146.41,140.39,134.37,128.34,122.32,130.79,139.27,147.74,156.22,164.69,172.86,181.03,189.2,197.38,205.55,213.71,208.96,204.21,199.46,194.71
IND,India,Climate Watch,Industrial Processes,All GHG,MtCO₂e,168.55,162.24,142.62,143.31,135.89,133.32,124.45,115.99,106.23,100.08,94.85,86.35,80.97,77.08,71.39,67.2,62.51,60.7,58.29,57.48,55.06,48.46,45.8,41.42,37.39,34.29,31.9,30.06,29.0,26.45
EUU,European Union (27),Climate Watch,Industrial Processes,All GHG,MtCO₂e,160.55,167.38,172.86,177.5,177.42,182.79,177.33,180.58,184.19,185.92,193.84,220.7,234.5,224.22,223.15,220.25,212.32,208.25,208.85,213.12,209.91,219.15,235.44,234.05,228.43,220.55,208.1,210.52,203.59,216.9
IDN,Indonesia,Climate Watch,Agriculture,All GHG,MtCO₂e,151.06,155.08,149.79,140.75,144.09,143.08,137.83,144.13,140.74,138.12,137.74,133.19,130.48,129.49,127.49,127.86,123.51,124.71,121.48,122.8,123.47,125.27,122.4,127.04,123.94,117.93,116.9,119.41,112.08,112.73
USA,United States,Climate Watch,Bunker Fuels,All GHG,MtCO₂e,150.17,140.92,149.62,138.12,125.64,120.07,119.43,120.51,147.01,150.21,142.47,155.53,169.67,159.8,152.93,142.56,124.23,140.13,115.36,148.92,141.82,127.68,127.93,135.9,139.2,131.41,133.74,145.37,138.41,132.08
NLD,Netherlands,Climate Watch,Energy,All GHG,MtCO₂e,147.71,152.98,157.18,160.06,159.07,150.98,158.63,159.86,161.25,173.59,162.87,167.57,166.87,166.07,170.31,174.39,172.61,169.63,169.37,164.31,163.64,168.87,168.52,175.98,166.32,161.78,162.15,158.19,159.34,153.6
IDN,Indonesia,Climate Watch,Waste,All GHG,MtCO₂e,136.02,133.84,131.65,129.47,127.28,124.76,120.06,115.36,121.81,128.27,134.72,141.17,147.63,154.08,160.53,166.99,173.44,179.9,186.35,192.8,189.17,185.55,181.92,178.29,174.66,171.52,168.18,164.85,161.52,158.2
USA,United States,Climate Watch,Waste,All GHG,MtCO₂e,134.35,133.24,132.13,131.03,135.2,136.1,136.43,140.31,139.23,148.27,147.45,150.22,152.34,154.35,156.44,158.53,160.86,157.99,159.81,164.69,167.63,173.82,183.26,192.39,195.75,200.52,200.22,202.08,201.9,199.34
RUS,Russia,Climate Watch,Waste,All GHG,MtCO₂e,117.95,117.21,116.48,115.75,113.19,110.49,106.44,103.62,100.95,98.16,96.08,94.35,92.53,90.73,89.11,87.32,86.1,85.02,84.21,83.23,82.85,82.1,82.11,81.56,81.51,81.08,81.32,81.04,81.55,81.12
EUU,European Union (27),Climate Watch,Waste,All GHG,MtCO₂e,107.33,108.7,110.07,111.45,115.09,116.92,120.45,124.11,126.96,130.13,132.98,134.84,138.76,142.32,145.46,150.33,154.51,156.96,159.55,161.74,162.79,165.29,167.37,169.55,170.59,170.48,171.16,170.43,168.48,165.17
RUS,Russia,Climate Watch,Agriculture,All GHG,MtCO₂e,101.83,99.9,99.47,100.21,98.63,101.95,98.02,98.87,99.59,98.87,100.88,105.46,98.8,98.11,100.72,104.66,116.74,114.52,115.3,114.0,114.0,124.43,134.69,150.32,163.21,181.51,201.43,213.06,225.89,240.99
CZE,Czech Republic,Climate Watch,Energy,All GHG,MtCO₂e,101.6,106.7,107.62,107.04,105.66,104.61,107.79,112.9,116.84,120.01,118.87,124.22,129.91,128.75,127.94,129.4,129.37,126.31,130.67,131.11,119.41,127.5,134.25,136.92,133.12,133.87,140.25,146.03,152.1,166.87
BEL,Belgium,Climate Watch,Energy,All GHG,MtCO₂e,91.97,92.85,92.16,93.59,94.6,89.5,95.88,94.55,95.64,106.37,99.02,105.41,102.5,106.6,109.66,112.15,114.22,109.49,117.11,115.7,114.11,117.98,115.26,118.3,113.16,113.57,109.0,111.19,113.19,108.7
IND,India,Climate Watch,Waste,All GHG,MtCO₂e,84.26,83.17,82.07,80.98,79.89,78.78,77.67,76.56,75.45,74.34,73.07,71.8,70.53,69.25,67.98,66.71,65.44,64.17,62.89,61.62,55.88,50.14,44.39,38.65,32.9,27.16,26.5,25.85,25.19,24.54
KOR,South Korea,Climate Watch,Industrial Processes,All GHG,MtCO₂e,80.63,77.46,76.17,73.55,69.72,68.18,66.41,64.89,63.42,61.89,59.26,58.9,57.23,60.02,58.14,61.2,58.66,52.81,50.02,47.51,43.54,39.75,43.83,39.19,36.24,33.72,30.56,26.21,21.26,17.16
ROU,Romania,Climate Watch,Energy,All GHG,MtCO₂e,78.24,79.96,79.21,76.4,78.38,77.16,77.95,87.53,89.85,83.72,86.71,100.92,102.33,105.93,102.05,102.95,106.66,102.01,102.99,97.26,93.33,108.16,122.85,134.27,130.77,125.25,128.85,137.74,155.45,186.75
FRA,France,Climate Watch,Agriculture,All GHG,MtCO₂e,72.72,74.2,76.35,75.44,77.2,76.44,76.02,74.98,74.57,76.65,76.58,78.6,79.62,77.88,78.22,79.8,80.07,81.78,84.05,84.03,82.81,82.72,82.97,83.86,82.67,82.13,81.62,82.18,86.15,87.12
BRA,Brazil,Climate Watch,Waste,All GHG,MtCO₂e,70.89,70.22,69.55,68.89,68.22,67.32,66.42,65.52,64.62,63.72,60.51,59.01,58.08,56.47,53.52,52.39,51.96,48.99,46.71,45.55,43.75,41.27,39.78,38.23,36.91,35.44,34.23,33.11,31.82,30.63
CHN,China,Climate Watch,Bunker Fuels,All GHG,MtCO₂e,69.8,69.44,62.11,57.6,53.69,45.03,45.09,47.62,47.41,43.89,36.23,33.61,34.37,30.99,26.63,22.91,17.19,17.55,15.67,13.93,10.96,10.74,10.22,12.54,11.28,10.93,9.9,11.38,7.33,5.7
JPN,Japan,Climate Watch,Industrial Processes,All GHG,MtCO₂e,65.25,68.72,71.59,73.75,70.38,67.62,63.76,59.8,56.1,53.32,52.02,55.27,56.19,56.95,54.71,54.94,58.83,59.63,65.28,75.16,75.25,84.17,91.26,93.17,90.66,84.71,79.83,79.54,76.99,73.3
AUT,Austria,Climate Watch,Energy,All GHG,MtCO₂e,64.71,63.24,66.16,63.96,63.54,62.35,66.13,65.45,68.58,70.38,64.52,70.48,71.0,74.0,76.21,75.76,74.49,69.37,67.94,63.49,63.15,64.75,64.14,65.04,61.26,57.85,57.63,57.47,62.38,58.21
DEU,Germany,Climate Watch,Agriculture,All GHG,MtCO₂e,59.69,60.07,62.67,64.02,65.08,66.27,64.88,64.06,63.77,65.12,64.68,64.7,64.93,63.75,66.03,66.48,67.44,68.75,69.95,70.43,72.57,72.55,73.41,73.27,73.73,73.84,73.46,75.78,83.18,88.2
GRC,Greece,Climate Watch,Energy,All GHG,MtCO₂e,58.33,63.33,64.85,64.81,66.62,67.88,71.09,79.54,84.62,85.78,92.81,97.04,100.68,96.76,97.91,96.22,96.54,92.98,92.64,90.45,83.47,83.16,79.67,78.7,78.73,76.03,74.38,74.49,72.21,71.93
RUS,Russia,Climate Watch,Industrial Processes,All GHG,MtCO₂e,53.91,54.14,55.0,55.36,56.35,61.08,59.2,53.84,46.03,45.72,41.4,51.31,54.91,53.37,53.69,50.96,44.74,48.67,54.55,55.84,49.3,47.26,44.5,42.45,49.71,49.89,59.25,75.03,56.62,57.34
RUS,Russia,Climate Watch,Bunker Fuels,All GHG,MtCO₂e,51.84,54.32,53.49,48.64,57.99,64.7,34.76,25.64,29.03,23.72,17.69,17.66,16.59,16.44,15.56,14.39,14.66,14.42,13.9,13.52,12.86,12.44,13.24,13.36,14.25,15.29,18.36,21.61,23.26,32.85
IRN,Iran,Climate Watch,Industrial Processes,All GHG,MtCO₂e,50.17,44.09,42.68,42.33,41.89,44.8,45.72,42.99,40.25,36.6,30.61,27.21,24.54,21.94,20.36,19.91,18.71,18.05,17.57,15.85,14.65,13.55,12.9,12.07,11.76,11.29,10.75,10.13,9.97,9.58
NLD,Netherlands,Climate Watch,Bunker Fuels,All GHG,MtCO₂e,47.92,47.63,48.96,49.32,51.62,51.96,52.2,53.8,58.07,54.27,57.01,63.45,65.45,64.06,60.6,56.98,52.46,55.4,55.36,51.7,49.5,47.58,47.08,44.59,42.64,41.68,41.07,42.26,41.42,39.89
IRN,Iran,Climate Watch,Waste,All GHG,MtCO₂e,47.26,46.65,46.04,45.42,44.81,44.12,43.43,42.74,42.05,41.36,40.69,40.01,39.33,38.65,37.98,37.32,36.66,36.0,35.34,34.68,30.49,26.3,22.12,17.93,13.74,9.55,9.26,8.96,8.67,8.38
HUN,Hungary,Climate Watch,Energy,All GHG,MtCO₂e,47.22,47.31,47.54,45.42,44.52,41.9,42.15,44.72,48.36,49.22,48.85,53.63,54.43,56.12,56.67,56.92,58.88,56.21,56.95,55.29,58.76,58.26,58.01,59.66,58.51,59.2,60.01,59.85,66.79,69.07
KOR,South Korea,Climate Watch,Bunker Fuels,All GHG,MtCO₂e,44.03,47.11,48.44,49.25,43.99,40.55,40.07,40.01,40.76,41.46,38.5,41.26,41.1,42.98,41.31,36.8,35.24,31.99,32.05,32.82,33.93,32.3,32.1,29.22,23.88,20.75,14.54,11.9,9.22,6.23
PRT,Portugal,Climate Watch,Energy,All GHG,MtCO₂e,43.34,48.22,51.76,47.4,47.94,43.81,44.72,46.66,48.08,48.61,54.28,54.02,55.83,57.64,62.59,59.32,58.1,62.89,58.92,59.02,59.51,53.14,48.42,46.38,48.26,45.05,43.64,44.67,40.5,38.88
FIN,Finland,Climate Watch,Energy,All GHG,MtCO₂e,42.4,45.53,44.28,46.82,43.96,47.36,51.34,50.57,56.17,63.71,55.29,57.58,66.05,68.04,56.39,68.71,72.79,64.44,62.01,55.95,57.39,58.19,61.54,63.53,57.0,60.86,54.32,52.99,55.75,55.01
ESP,Spain,Climate Watch,Agriculture,All GHG,MtCO₂e,41.05,41.3,40.85,40.26,40.35,39.35,37.87,36.93,37.8,39.21,38.79,38.51,42.18,41.06,41.1,43.22,43.64,42.36,42.3,42.2,41.61,41.56,39.88,39.0,36.54,36.8,36.58,36.3,37.91,38.32
BGR,Bulgaria,Climate Watch,Energy,All GHG,MtCO₂e,39.8,41.44,44.41,42.14,45.34,42.91,40.53,46.0,50.94,45.72,43.59,49.9,52.35,48.99,48.04,47.44,48.67,44.26,46.78,44.12,45.04,51.53,53.79,55.95,55.51,54.83,57.54,57.01,60.09,74.51
ESP,Spain,Climate Watch,Bunker Fuels,All GHG,MtCO₂e,37.43,36.57,34.96,36.51,35.68,36.16,34.08,37.92,38.7,36.27,37.66,38.56,37.52,36.4,34.87,32.58,30.95,30.15,30.01,27.54,26.55,26.77,25.41,21.39,16.33,15.71,16.03,17.35,16.43,15.08
JPN,Japan,Climate Watch,Bunker Fuels,All GHG,MtCO₂e,36.72,36.57,35.22,35.17,33.56,31.89,32.86,32.78,32.04,31.63,31.14,35.22,37.78,39.42,42.02,39.63,38.14,37.24,33.99,37.26,36.95,38.32,36.36,31.79,36.97,37.24,35.8,33.81,33.39,31.64
IDN,Indonesia,Climate Watch,Industrial Processes,All GHG,MtCO₂e,36.69,37.14,35.06,34.58,30.21,31.12,30.33,28.79,26.53,24.82,24.58,25.45,24.26,23.52,22.77,23.12,21.7,21.86,22.0,19.82,14.82,13.81,16.73,14.98,14.0,13.26,11.51,10.54,9.88,8.54
SWE,Sweden,Climate Watch,Energy,All GHG,MtCO₂e,35.59,36.29,38.73,39.11,39.48,39.44,40.85,42.46,44.98,48.47,43.18,46.3,47.4,48.94,50.39,53.99,55.66,54.35,52.76,53.65,57.7,58.88,57.93,64.1,58.55,58.93,56.94,57.17,54.57,53.53
IRN,Iran,Climate Watch,Agriculture,All GHG,MtCO₂e,34.54,32.63,31.2,33.47,32.12,31.36,37.31,37.78,36.79,40.49,40.67,40.42,43.89,45.14,43.26,42.47,41.1,40.32,39.9,39.95,40.74,41.8,40.43,39.43,38.36,37.7,36.98,38.42,35.06,35.01
IRL,Ireland,Climate Watch,Energy,All GHG,MtCO₂e,34.47,36.15,36.47,37.83,36.02,34.68,35.17,36.43,36.13,39.88,39.94,44.52,44.96,45.66,45.01,43.08,43.31,42.79,43.72,41.57,39.5,38.11,35.54,34.59,33.3,32.72,31.74,31.58,31.59,31.03
DEU,Germany,Climate Watch,Bunker Fuels,All GHG,MtCO₂e,33.9,35.21,36.2,35.13,31.98,31.67,32.66,32.95,31.98,33.03,33.19,34.64,34.58,32.07,30.59,29.44,27.49,26.29,25.81,26.55,25.27,24.06,23.78,22.7,22.42,22.36,21.51,19.3,19.5,21.45
POL,Poland,Climate Watch,Agriculture,All GHG,MtCO₂e,33.89,33.4,34.57,33.68,33.21,33.01,33.27,33.86,33.7,34.25,33.58,34.5,35.2,34.41,33.86,32.98,33.55,33.7,33.66,34.58,35.84,37.12,38.84,37.87,38.67,39.31,39.3,41.06,42.86,46.35
ITA,Italy,Climate Watch,Agriculture,All GHG,MtCO₂e,33.16,33.18,32.4,32.5,32.04,31.79,32.17,32.74,32.09,32.79,32.71,33.88,34.2,34.13,34.27,35.54,34.96,35.99,33.72,37.68,37.84,37.68,37.77,38.4,37.95,38.84,39.35,40.64,41.25,43.28
SVK,Slovakia,Climate Watch,Energy,All GHG,MtCO₂e,31.88,33.71,34.25,32.16,31.36,30.94,33.74,33.05,35.13,36.78,34.78,37.81,37.86,38.68,39.65,38.66,39.75,39.33,39.85,39.45,41.64,42.38,43.75,43.82,43.94,43.31,46.0,47.56,50.73,57.68
BEL,Belgium,Climate Watch,Bunker Fuels,All GHG,MtCO₂e,31.8,35.28,29.14,25.95,23.21,21.54,23.92,23.77,26.44,28.94,26.72,35.41,34.12,30.6,28.4,28.84,28.02,25.63,21.13,21.93,19.53,21.56,19.93,17.75,15.4,15.67,16.39,16.14,16.37,16.2
BRA,Brazil,Climate Watch,Industrial Processes,All GHG,MtCO₂e,31.53,30.55,29.86,31.64,33.88,35.65,35.33,33.62,31.4,29.79,26.88,26.93,24.71,28.66,26.22,25.68,23.0,24.34,23.41,25.25,26.59,25.31,22.89,22.23,21.59,19.93,20.13,18.56,20.29,18.24
DNK,Denmark,Climate Watch,Energy,All GHG,MtCO₂e,30.27,33.92,34.11,36.39,34.92,37.07,41.33,39.7,44.77,50.31,50.02,52.1,55.27,60.23,52.46,55.94,61.37,55.82,56.18,54.55,58.46,60.95,64.98,74.53,61.0,64.22,60.26,57.86,63.67,52.81
DEU,Germany,Climate Watch,Industrial Processes,All GHG,MtCO₂e,24.45,25.16,26.12,26.15,26.38,26.52,26.07,26.85,27.18,26.27,34.21,34.8,37.38,33.68,33.52,35.95,33.51,32.51,32.17,30.67,31.45,35.75,47.79,49.92,49.02,50.89,47.74,47.86,44.9,46.45
FRA,France,Climate Watch,Bunker Fuels,All GHG,MtCO₂e,24.29,24.2,22.87,22.31,22.88,22.59,23.52,24.42,25.35,24.12,24.03,25.64,26.66,25.81,24.74,25.33,23.23,22.7,22.88,24.43,23.58,22.24,20.64,19.64,18.51,17.72,17.92,18.0,16.93,17.44
FRA,France,Climate Watch,Industrial Processes,All GHG,MtCO₂e,23.3,24.57,25.74,27.27,27.05,27.33,27.67,27.88,28.35,27.85,28.31,30.46,31.27,30.62,30.22,29.87,31.75,30.91,29.76,28.49,29.54,33.07,38.97,38.74,36.81,37.25,38.16,38.74,38.85,39.32
IRL,Ireland,Climate Watch,Agriculture,All GHG,MtCO₂e,23.26,23.43,25.39,24.83,24.01,23.77,23.54,23.36,22.33,22.5,23.42,23.23,23.35,23.76,23.99,24.46,24.69,24.65,24.86,24.91,24.55,24.49,23.69,23.31,23.34,23.32,23.1,22.66,22.54,22.35
JPN,Japan,Climate Watch,Agriculture,All GHG,MtCO₂e,21.74,21.82,22.35,22.37,22.45,22.99,23.09,22.93,22.99,24.02,23.69,23.83,24.81,24.7,24.91,25.14,25.14,25.27,25.43,25.96,26.14,26.31,27.4,27.8,28.91,30.07,29.74,29.51,29.02,29.33
ITA,Italy,Climate Watch,Industrial Processes,All GHG,MtCO₂e,20.62,21.56,22.61,23.68,24.06,23.83,23.85,24.47,26.42,26.57,26.43,28.43,30.29,29.64,33.66,33.34,31.14,30.13,29.74,28.0,26.17,24.79,23.83,23.17,24.91,22.21,22.95,25.3,25.78,26.01
ITA,Italy,Climate Watch,Bunker Fuels,All GHG,MtCO₂e,20.59,20.41,17.81,17.15,15.74,15.52,16.17,17.41,17.94,19.26,16.71,18.16,18.14,17.29,16.36,15.82,15.55,14.02,13.51,13.89,12.6,14.37,13.1,12.57,13.75,13.15,13.24,13.13,13.43,13.19
NLD,Netherlands,Climate Watch,Agriculture,All GHG,MtCO₂e,18.69,18.54,19.76,20.68,20.75,19.97,19.42,19.2,19.19,19.45,19.4,19.29,18.74,18.76,18.92,18.91,18.87,19.31,20.15,20.29,21.11,21.07,21.72,22.38,22.75,22.83,23.02,23.49,23.71,23.54
BRA,Brazil,Climate Watch,Bunker Fuels,All GHG,MtCO₂e,18.13,16.9,17.56,17.86,20.06,18.75,18.01,19.01,20.29,18.76,16.98,19.28,15.76,14.6,14.51,13.63,13.53,13.77,12.32,11.38,10.79,8.33,8.07,6.67,5.81,5.7,4.82,4.06,3.98,3.19
IND,India,Climate Watch,Bunker Fuels,All GHG,MtCO₂e,17.52,18.14,17.26,16.51,15.37,14.41,13.98,13.63,14.53,14.09,13.4,12.62,12.86,11.39,9.8,9.15,8.16,7.46,7.35,7.27,7.07,6.73,6.62,6.68,6.41,5.89,5.45,4.99,4.9,5.16
ESP,Spain,Climate Watch,Industrial Processes,All GHG,MtCO₂e,17.38,18.67,19.14,19.79,19.79,26.0,24.8,25.89,26.79,29.26,29.67,34.1,35.62,33.6,31.13,29.12,28.9,26.51,27.6,30.81,29.14,26.37,25.28,23.27,22.51,19.92,16.41,17.79,18.57,19.91
ITA,Italy,Climate Watch,Waste,All GHG,MtCO₂e,16.74,16.99,17.23,17.47,17.82,17.64,17.74,18.98,18.9,19.55,19.74,19.65,20.17,20.52,21.1,21.04,21.63,21.82,22.59,21.38,20.4,20.37,20.64,20.09,19.41,18.83,18.21,17.7,17.31,16.69
HRV,Croatia,Climate Watch,Energy,All GHG,MtCO₂e,16.11,15.99,16.91,16.6,16.24,15.75,16.67,17.18,18.8,19.14,19.93,21.03,22.09,20.84,20.8,20.43,21.05,19.63,18.56,17.47,18.19,17.65,16.77,15.87,15.31,14.51,15.47,14.93,15.76,21.31
ROU,Romania,Climate Watch,Agriculture,All GHG,MtCO₂e,16.1,16.28,15.88,15.52,15.38,15.0,15.08,14.29,14.88,16.27,16.63,17.01,16.5,16.64,16.89,16.86,15.93,15.57,16.42,16.47,16.97,17.83,18.67,18.87,19.1,20.4,21.22,23.5,25.9,31.29
POL,Poland,Climate Watch,Industrial Processes,All GHG,MtCO₂e,15.81,16.34,16.25,16.35,16.1,16.17,15.1,15.47,16.02,14.34,13.18,17.05,17.8,15.97,14.19,13.21,11.94,10.82,11.22,11.71,10.46,10.49,11.07,10.63,10.9,10.47,8.95,8.87,8.77,9.19
FRA,France,Climate Watch,Waste,All GHG,MtCO₂e,14.69,14.78,14.87,14.96,15.98,16.86,17.42,17.92,18.56,19.1,19.04,19.6,19.82,20.05,20.24,20.5,20.65,20.63,20.47,20.22,19.92,19.56,18.98,18.62,18.23,17.75,17.27,16.48,15.73,15.06
KOR,South Korea,Climate Watch,Agriculture,All GHG,MtCO₂e,14.25,14.12,13.98,13.97,13.95,13.77,14.12,14.47,14.02,14.42,14.15,14.08,14.22,13.71,14.14,13.82,13.44,13.53,13.81,14.19,14.78,15.53,16.45,16.24,15.95,15.75,15.65,15.3,14.97,15.1
FIN,Finland,Climate Watch,Land-Use Change and Forestry,All GHG,MtCO₂e,13.84,13.57,13.17,13.03,-48.27,-48.27,-48.32,-48.33,-48.39,-8.6,-8.7,-8.8,-8.87,-8.92,-8.96,-9.03,-9.33,-9.43,-9.56,-24.96,-25.36,-25.71,-25.79,-25.83,-25.84,-25.86,-25.86,-25.86,-25.86,-25.86
SVN,Slovenia,Climate Watch,Energy,All GHG,MtCO₂e,13.55,14.01,14.11,13.96,13.16,13.06,14.57,15.23,15.82,15.85,15.51,17.22,16.18,16.18,15.85,15.61,15.35,15.45,15.29,14.42,14.72,15.33,15.58,15.15,14.35,13.5,13.54,12.71,13.01,13.8
ESP,Spain,Climate Watch,Waste,All GHG,MtCO₂e,13.14,13.1,13.06,13.02,13.07,12.3,13.17,13.55,13.72,13.15,14.18,12.91,12.78,12.55,12.3,12.05,12.47,12.66,12.44,12.14,11.99,11.67,11.34,10.85,10.55,10.24,9.8,9.46,9.13,8.89
LTU,Lithuania,Climate Watch,Energy,All GHG,MtCO₂e,11.89,11.89,11.5,11.47,11.26,11.15,11.52,12.18,12.11,12.96,12.03,13.27,13.34,13.15,13.09,12.16,11.51,11.49,11.41,10.75,12.43,14.84,14.11,14.47,13.98,14.98,15.96,19.8,35.06,32.97
GRC,Greece,Climate Watch,Bunker Fuels,All GHG,MtCO₂e,11.6,10.39,9.91,8.24,8.28,8.41,8.93,9.31,11.19,10.88,11.03,12.95,13.29,12.8,11.59,12.88,12.7,12.39,13.53,14.03,12.82,13.74,12.49,12.54,14.02,13.4,12.38,10.81,9.6,10.58
DNK,Denmark,Climate Watch,Agriculture,All GHG,MtCO₂e,10.64,10.51,10.75,10.77,10.72,10.55,10.42,10.59,10.54,10.6,10.41,10.67,10.71,10.57,10.7,10.81,11.11,11.2,11.49,11.38,11.4,11.91,11.97,12.03,12.1,12.15,12.43,12.25,12.6,12.71
EST,Estonia,Climate Watch,Energy,All GHG,MtCO₂e,10.15,15.85,16.86,16.08,14.53,17.45,18.8,16.87,18.39,18.51,14.12,17.17,19.49,16.01,16.73,16.83,16.75,14.84,15.27,15.01,15.57,16.48,17.99,18.41,17.5,19.53,19.2,24.1,33.66,36.48
POL,Poland,Climate Watch,Waste,All GHG,MtCO₂e,9.93,10.03,10.13,10.24,11.0,11.48,11.92,12.09,12.55,13.0,13.12,13.07,13.39,13.45,13.71,13.93,14.28,14.36,14.43,14.87,14.73,14.76,14.79,14.88,15.1,15.37,15.79,16.02,16.2,16.4
KOR,South Korea,Climate Watch,Waste,All GHG,MtCO₂e,9.43,9.62,9.82,10.01,10.21,10.46,10.32,10.4,10.87,11.05,11.36,11.22,11.39,12.17,12.49,12.47,13.76,13.7,13.6,13.05,12.97,12.98,14.05,13.78,13.43,13.14,12.43,12.11,11.4,10.59
LUX,Luxembourg,Climate Watch,Energy,All GHG,MtCO₂e,9.32,9.16,8.84,8.68,9.0,9.49,10.01,10.53,10.73,10.88,10.29,10.86,10.93,11.52,11.72,11.46,10.05,9.57,8.87,8.23,7.61,7.27,7.94,8.45,8.36,10.46,11.35,11.05,11.37,10.86
BEL,Belgium,Climate Watch,Agriculture,All GHG,MtCO₂e,9.28,9.3,9.22,9.53,9.77,9.67,9.5,9.61,9.75,9.84,9.8,9.65,9.77,9.78,9.94,10.08,10.24,10.65,10.08,10.22,11.44,11.01,11.12,11.33,11.34,11.18,11.21,11.27,11.48,11.56
SWE,Sweden,Climate Watch,Bunker Fuels,All GHG,MtCO₂e,9.17,8.51,10.17,8.88,8.04,7.71,7.54,7.57,7.78,8.4,8.99,8.93,8.65,8.71,8.15,8.01,6.74,5.47,6.62,6.47,6.93,6.95,6.08,5.37,5.15,5.17,4.6,4.05,3.63,3.23
GRC,Greece,Climate Watch,Industrial Processes,All GHG,MtCO₂e,8.41,8.92,9.63,10.17,9.65,9.87,9.58,8.7,7.78,9.23,9.64,11.49,11.92,12.13,12.6,12.02,11.86,12.22,12.19,12.8,14.06,13.15,12.69,12.36,11.57,9.69,9.04,8.26,8.33,8.34
HUN,Hungary,Climate Watch,Agriculture,All GHG,MtCO₂e,8.26,8.29,8.16,8.18,7.63,7.6,7.54,7.05,7.23,7.0,7.15,7.7,7.42,7.52,7.5,7.97,7.57,7.79,8.2,8.0,8.1,7.86,8.09,8.18,7.58,8.05,8.37,8.74,10.67,11.28
DEU,Germany,Climate Watch,Waste,All GHG,MtCO₂e,8.2,8.63,9.06,9.48,10.07,10.68,11.34,12.11,12.94,13.81,14.93,16.17,17.4,18.77,20.44,21.89,23.35,24.87,26.38,28.05,29.7,31.41,33.55,36.55,38.07,39.13,40.0,40.21,39.66,38.31
SWE,Sweden,Climate Watch,Agriculture,All GHG,MtCO₂e,7.88,7.79,7.99,7.85,7.89,7.93,7.74,7.68,7.85,7.79,7.65,7.96,7.82,7.82,7.94,8.1,8.04,8.14,8.21,8.36,8.44,8.55,8.79,8.81,8.65,8.94,9.02,8.76,8.54,8.94
MLT,Malta,Climate Watch,Bunker Fuels,All GHG,MtCO₂e,7.85,7.65,7.36,6.07,5.34,4.28,4.14,4.15,4.65,5.01,3.93,3.25,3.01,2.71,2.4,3.46,3.19,2.66,2.61,2.49,0.32,0.32,0.63,0.27,0.37,0.34,0.34,0.4,0.37,0.31
LVA,Latvia,Climate Watch,Energy,All GHG,MtCO₂e,7.51,7.75,7.18,7.27,7.31,7.26,7.41,7.5,7.81,8.58,7.74,8.48,8.93,8.58,8.17,8.05,8.02,7.81,7.82,7.38,7.98,8.61,9.03,9.54,9.54,10.79,12.4,14.5,17.94,19.49
PRT,Portugal,Climate Watch,Bunker Fuels,All GHG,MtCO₂e,7.49,6.74,6.39,5.94,5.24,4.89,4.91,4.75,4.58,4.14,4.02,4.35,4.15,4.36,4.05,4.23,3.82,3.37,3.4,4.08,3.76,2.92,3.2,3.15,3.12,3.08,3.13,3.49,3.43,3.34
GRC,Greece,Climate Watch,Agriculture,All GHG,MtCO₂e,7.29,7.3,7.8,7.72,7.73,7.98,8.22,8.42,8.49,8.77,8.48,8.68,8.97,8.65,8.77,9.12,8.9,9.0,9.06,9.3,9.25,9.31,9.42,9.62,9.39,9.55,9.39,9.75,9.99,10.15
AUT,Austria,Climate Watch,Agriculture,All GHG,MtCO₂e,7.18,7.33,7.46,7.54,7.55,7.47,7.41,7.38,7.67,7.48,7.37,7.76,7.47,7.51,7.58,7.64,7.66,8.08,8.11,8.19,8.33,8.4,8.61,8.67,8.68,9.08,9.19,9.54,9.77,9.83
PRT,Portugal,Climate Watch,Agriculture,All GHG,MtCO₂e,7.17,7.04,7.31,7.08,7.09,6.96,6.72,6.76,6.71,6.63,6.78,6.87,6.91,6.76,6.86,6.81,6.86,6.9,6.96,7.54,7.67,7.69,7.66,7.76,7.57,7.63,7.46,7.69,7.93,8.08
IRL,Ireland,Climate Watch,Land-Use Change and Forestry,All GHG,MtCO₂e,6.97,7.06,7.08,7.08,7.64,7.64,7.66,7.67,7.67,7.78,7.8,7.83,7.85,7.87,7.88,7.89,7.92,7.95,7.96,7.63,7.66,7.69,7.69,7.75,7.78,7.81,7.81,7.81,7.81,7.81
FIN,Finland,Climate Watch,Agriculture,All GHG,MtCO₂e,6.88,6.74,6.82,6.87,6.9,6.95,6.88,6.85,6.86,6.93,6.85,7.02,6.94,6.98,7.02,7.04,7.12,7.16,7.16,7.26,7.25,7.28,7.42,7.38,7.43,7.61,7.58,7.6,7.73,8.24
JPN,Japan,Climate Watch,Waste,All GHG,MtCO₂e,6.69,6.8,6.92,7.04,7.22,7.46,7.74,7.95,8.26,8.49,8.86,9.3,9.62,9.99,10.35,10.71,11.04,11.31,11.63,12.11,12.48,12.89,13.28,13.57,13.85,14.1,14.29,14.48,14.49,14.63
NLD,Netherlands,Climate Watch,Land-Use Change and Forestry,All GHG,MtCO₂e,6.63,6.66,6.66,6.66,6.66,6.66,6.66,6.66,6.66,6.41,6.41,6.41,6.41,6.41,6.41,6.41,6.45,6.51,6.6,6.86,6.87,6.88,6.88,6.89,6.9,6.9,6.91,6.92,6.92,6.92
CZE,Czech Republic,Climate Watch,Agriculture,All GHG,MtCO₂e,6.51,6.59,6.82,7.14,7.05,6.6,6.5,6.46,6.03,5.94,6.0,6.2,6.28,6.12,6.22,6.35,6.4,6.46,7.49,7.18,7.15,7.33,7.78,8.32,8.25,8.67,9.44,10.16,11.25,13.58
CYP,Cyprus,Climate Watch,Energy,All GHG,MtCO₂e,6.49,6.43,6.52,6.41,6.05,5.91,5.75,6.67,7.17,7.43,7.69,7.76,7.57,7.25,7.18,7.04,7.15,6.46,6.31,6.42,6.19,5.92,5.58,5.45,5.14,5.24,5.03,4.84,4.52,3.96
PRT,Portugal,Climate Watch,Waste,All GHG,MtCO₂e,6.32,6.35,6.38,6.41,6.49,6.62,6.76,6.91,7.12,6.94,6.88,7.02,7.46,7.6,7.67,8.11,7.98,7.68,7.39,7.26,7.19,7.11,6.82,6.62,6.58,6.3,6.03,5.84,5.61,5.42
IRN,Iran,Climate Watch,Bunker Fuels,All GHG,MtCO₂e,5.85,6.93,6.56,8.6,16.87,13.1,11.14,7.56,10.77,11.33,10.21,8.24,6.68,6.37,5.76,5.45,5.29,5.15,5.2,5.09,4.74,4.67,4.73,4.26,3.97,3.86,3.54,3.31,3.25,2.82
ROU,Romania,Climate Watch,Industrial Processes,All GHG,MtCO₂e,5.78,5.57,5.5,5.49,5.39,4.8,4.59,5.43,5.45,5.05,4.78,6.28,7.5,6.69,6.72,6.44,5.85,6.01,6.84,7.67,7.13,7.58,8.28,9.02,8.89,7.71,8.06,7.94,8.32,11.35
LTU,Lithuania,Climate Watch,Agriculture,All GHG,MtCO₂e,5.67,5.55,5.85,5.91,6.05,5.94,5.93,6.0,5.95,5.92,5.98,5.96,6.19,6.03,6.07,6.11,6.03,5.95,5.81,6.21,6.41,6.69,6.84,6.84,6.77,7.36,8.24,9.95,9.72,10.37
BEL,Belgium,Climate Watch,Industrial Processes,All GHG,MtCO₂e,5.65,5.6,5.58,5.96,5.83,6.25,6.07,6.27,6.2,7.08,6.79,6.83,6.72,7.22,7.85,7.72,7.59,8.16,8.23,8.64,8.55,8.69,8.44,8.38,8.1,7.68,7.07,6.84,6.7,6.5
ROU,Romania,Climate Watch,Waste,All GHG,MtCO₂e,5.64,5.69,5.73,5.78,5.79,5.79,5.8,5.51,4.95,5.46,5.38,5.38,5.43,5.3,5.45,5.47,5.4,5.3,5.3,5.27,5.3,5.23,5.27,5.2,5.14,4.92,4.89,4.87,4.94,5.02
DNK,Denmark,Climate Watch,Bunker Fuels,All GHG,MtCO₂e,5.47,4.93,4.6,4.95,5.07,5.04,4.49,4.15,4.71,4.62,3.95,5.58,6.05,5.83,5.04,4.87,5.11,4.88,5.8,6.46,6.43,6.57,6.4,6.74,6.92,6.65,5.96,4.58,4.39,4.84
BGR,Bulgaria,Climate Watch,Agriculture,All GHG,MtCO₂e,5.45,5.4,5.5,5.54,5.32,5.22,5.06,4.8,5.6,4.95,5.16,4.97,4.85,4.55,5.01,5.54,5.75,5.55,5.29,5.29,5.18,5.15,5.34,5.49,5.4,6.3,7.03,8.74,11.11,11.97
IDN,Indonesia,Climate Watch,Bunker Fuels,All GHG,MtCO₂e,5.22,5.83,5.72,5.36,4.94,4.84,4.78,4.53,4.29,4.35,3.47,3.28,3.1,2.95,2.79,1.89,2.28,1.68,1.56,1.6,1.64,2.09,2.21,1.54,2.5,1.74,1.78,1.75,1.67,2.7
CZE,Czech Republic,Climate Watch,Industrial Processes,All GHG,MtCO₂e,5.01,5.11,5.19,5.38,5.12,4.81,4.42,4.65,4.64,4.21,4.17,4.67,4.49,3.97,3.67,3.64,3.29,3.12,3.37,3.59,3.41,3.67,3.56,3.48,3.36,3.42,3.19,3.67,1.01,1.39
PRT,Portugal,Climate Watch,Industrial Processes,All GHG,MtCO₂e,4.75,5.0,5.51,5.5,5.98,6.01,5.6,5.16,5.28,5.89,5.54,6.37,6.34,5.91,5.84,5.63,5.06,5.2,4.78,4.9,4.8,4.46,4.37,4.11,4.15,3.81,3.76,3.77,3.89,3.82
CZE,Czech Republic,Climate Watch,Waste,All GHG,MtCO₂e,4.67,4.69,4.71,4.73,4.71,4.63,4.65,4.58,4.55,4.53,4.39,4.27,4.12,4.16,4.11,4.07,4.11,4.01,3.91,3.8,3.74,3.72,3.6,3.48,3.45,3.45,3.32,3.25,3.24,3.1
EST,Estonia,Climate Watch,Land-Use Change and Forestry,All GHG,MtCO₂e,4.62,4.63,4.6,4.6,-3.47,-3.47,-3.45,-3.47,-3.48,1.36,1.29,1.26,1.24,1.21,1.19,1.17,1.1,1.09,1.04,0.99,0.86,0.5,0.34,0.32,0.31,0.2,0.2,0.2,0.24,0.24
GRC,Greece,Climate Watch,Waste,All GHG,MtCO₂e,4.61,4.59,4.56,4.54,4.53,4.53,4.46,4.35,4.56,4.78,4.48,4.77,4.76,4.94,4.76,4.66,4.65,4.53,4.58,5.35,5.35,5.4,5.21,5.25,5.15,5.14,4.99,4.94,4.84,4.86
LTU,Lithuania,Climate Watch,Land-Use Change and Forestry,All GHG,MtCO₂e,4.34,4.35,4.36,4.37,-1.07,-1.07,-1.02,-1.02,-1.02,5.07,5.07,5.1,5.1,5.09,5.09,5.11,5.15,5.16,5.17,5.69,5.69,5.72,5.73,5.74,5.77,5.76,5.77,5.77,5.8,5.8
POL,Poland,Climate Watch,Bunker Fuels,All GHG,MtCO₂e,4.11,3.88,3.41,2.64,2.57,2.23,2.03,2.09,2.05,2.23,2.26,2.49,2.14,2.23,2.0,1.66,1.78,1.67,1.65,1.74,1.95,1.72,1.53,1.48,1.26,1.18,1.17,1.51,1.18,1.93
BGR,Bulgaria,Climate Watch,Waste,All GHG,MtCO₂e,3.89,3.94,3.99,4.04,4.17,4.31,4.42,4.4,4.57,4.59,4.72,4.87,5.04,5.16,5.32,5.71,5.85,5.71,5.99,6.31,6.46,6.69,6.96,7.0,6.98,6.53,7.42,7.63,7.65,7.96
IRL,Ireland,Climate Watch,Bunker Fuels,All GHG,MtCO₂e,3.71,3.77,3.47,3.04,2.96,2.6,2.34,2.11,2.38,2.61,1.98,2.97,3.28,2.85,2.73,2.55,2.74,2.7,2.62,2.24,2.06,1.78,1.72,1.54,1.5,1.27,1.46,0.97,1.12,1.11
FIN,Finland,Climate Watch,Bunker Fuels,All GHG,MtCO₂e,3.6,3.38,3.18,2.85,2.87,2.19,2.32,2.24,2.55,2.29,2.33,3.04,3.08,3.19,2.88,2.91,3.14,3.12,2.9,3.18,2.85,2.67,2.28,2.14,1.94,2.15,2.49,3.01,2.66,2.81
AUT,Austria,Climate Watch,Industrial Processes,All GHG,MtCO₂e,3.37,3.56,3.57,3.72,3.69,3.6,3.53,3.53,3.46,3.54,3.59,4.28,4.2,3.98,3.78,4.0,4.43,4.2,4.1,4.07,3.93,3.96,4.28,4.13,3.99,4.34,4.29,4.15,4.78,4.69
HUN,Hungary,Climate Watch,Waste,All GHG,MtCO₂e,3.22,3.26,3.31,3.36,3.46,3.52,3.64,3.88,3.92,4.02,4.13,4.17,4.19,4.19,4.26,4.28,4.4,4.33,4.24,4.24,4.16,4.1,4.05,4.01,4.0,3.96,3.93,3.88,3.84,3.76
LVA,Latvia,Climate Watch,Agriculture,All GHG,MtCO₂e,3.12,3.02,3.15,3.2,3.23,3.13,3.07,3.02,2.96,2.92,2.91,2.96,2.87,2.84,2.8,2.76,2.83,2.76,2.71,2.71,2.89,3.01,3.04,3.12,3.15,3.66,5.08,5.95,5.21,5.56
NLD,Netherlands,Climate Watch,Industrial Processes,All GHG,MtCO₂e,3.04,3.43,3.68,3.8,3.82,3.76,3.87,3.86,3.98,4.23,4.05,4.21,7.81,8.8,8.64,8.72,8.49,10.55,9.75,13.05,14.33,20.34,19.37,18.96,17.04,17.99,16.74,15.5,14.48,15.56
IRL,Ireland,Climate Watch,Industrial Processes,All GHG,MtCO₂e,2.95,3.06,3.06,3.1,2.83,2.68,2.27,2.21,2.03,2.17,2.42,3.21,3.58,3.56,3.4,3.41,3.46,3.15,3.49,3.46,2.66,2.4,2.53,2.19,1.96,1.79,1.63,1.62,1.64,1.94
AUT,Austria,Climate Watch,Bunker Fuels,All GHG,MtCO₂e,2.92,2.53,2.27,2.34,2.14,2.0,2.01,2.1,2.16,2.06,1.92,2.21,2.21,2.08,2.0,1.78,1.5,1.6,1.7,1.73,1.58,1.64,1.56,1.5,1.36,1.22,1.16,1.1,1.02,0.92
NLD,Netherlands,Climate Watch,Waste,All GHG,MtCO₂e,2.76,2.88,3.01,3.13,3.32,3.52,3.76,3.96,4.19,4.47,4.8,5.06,5.41,5.8,6.26,7.78,8.11,8.67,9.14,9.71,10.29,11.21,11.69,12.07,12.48,13.16,13.67,14.04,14.3,14.16
HUN,Hungary,Climate Watch,Industrial Processes,All GHG,MtCO₂e,2.66,2.64,2.66,2.7,3.3,2.96,2.36,2.39,2.41,2.44,2.6,3.05,3.89,4.26,4.39,4.34,3.78,3.52,4.09,3.83,3.31,3.33,3.46,3.45,2.99,3.59,2.76,2.12,3.18,5.41
HRV,Croatia,Climate Watch,Agriculture,All GHG,MtCO₂e,2.64,2.63,2.71,2.57,2.63,2.59,2.59,2.86,3.06,2.92,2.88,3.95,3.72,3.69,3.22,3.39,3.07,3.14,2.96,3.01,3.02,2.97,3.36,3.06,3.13,3.29,3.4,3.75,3.9,4.35
SVK,Slovakia,Climate Watch,Agriculture,All GHG,MtCO₂e,2.51,2.54,2.49,2.64,2.53,2.61,2.52,2.47,2.47,2.37,2.42,2.48,2.52,2.59,2.61,2.83,2.82,2.92,2.97,2.97,3.03,3.49,3.71,3.84,3.76,4.0,4.45,4.73,5.24,6.32
BGR,Bulgaria,Climate Watch,Industrial Processes,All GHG,MtCO₂e,2.41,2.59,2.7,2.75,2.49,2.18,2.03,1.98,1.82,1.78,1.93,3.14,3.02,2.39,2.77,2.45,2.12,2.01,2.15,2.11,1.73,1.85,2.71,3.44,3.43,2.43,2.06,2.12,2.46,3.86
EST,Estonia,Climate Watch,Agriculture,All GHG,MtCO₂e,2.31,2.24,2.26,2.22,2.35,2.32,2.26,2.23,2.2,2.17,2.16,2.23,2.17,2.15,2.14,2.17,2.13,2.14,2.13,2.19,2.27,2.29,2.27,2.38,2.55,2.7,3.16,3.51,3.55,3.79
SWE,Sweden,Climate Watch,Industrial Processes,All GHG,MtCO₂e,2.28,2.6,2.55,2.69,2.67,2.6,2.57,2.73,2.75,3.01,2.81,3.22,3.23,3.5,3.4,3.29,3.14,3.19,3.16,3.2,3.05,2.97,2.82,2.8,2.89,2.62,2.56,2.51,2.75,2.84
SVK,Slovakia,Climate Watch,Industrial Processes,All GHG,MtCO₂e,2.15,2.14,2.2,2.22,2.28,2.18,2.07,2.15,2.39,2.45,2.9,3.48,3.38,3.42,2.95,2.93,2.4,2.47,2.57,2.37,2.75,3.0,2.57,2.52,2.46,2.28,1.79,2.33,1.13,1.47
DNK,Denmark,Climate Watch,Land-Use Change and Forestry,All GHG,MtCO₂e,2.06,2.07,2.07,2.07,-0.74,-0.74,-0.74,-0.74,-0.74,1.2,1.2,1.2,1.2,1.2,1.2,1.2,1.2,1.2,1.21,1.55,1.55,1.57,1.57,1.57,1.57,1.57,1.57,1.57,1.57,1.57
FIN,Finland,Climate Watch,Industrial Processes,All GHG,MtCO₂e,1.95,2.07,2.17,2.22,2.19,2.17,2.19,2.14,2.14,2.13,2.57,3.53,3.3,3.17,3.25,3.02,2.78,2.66,2.56,2.58,2.39,2.29,2.25,2.1,2.02,1.9,1.75,1.81,2.05,2.44
HRV,Croatia,Climate Watch,Waste,All GHG,MtCO₂e,1.88,1.86,1.85,1.83,1.81,1.73,1.69,1.7,1.73,1.69,1.67,1.62,1.53,1.44,1.34,1.35,1.3,1.25,1.21,1.19,1.15,1.11,1.09,1.07,1.06,1.04,1.01,1.0,0.99,0.98
CYP,Cyprus,Climate Watch,Bunker Fuels,All GHG,MtCO₂e,1.83,1.85,1.76,1.75,1.52,1.48,1.51,1.47,1.57,1.45,1.54,1.72,1.79,1.9,1.85,1.11,1.42,1.4,1.61,1.47,1.33,1.14,1.09,1.08,1.05,0.95,0.89,1.05,1.07,0.94
FIN,Finland,Climate Watch,Waste,All GHG,MtCO₂e,1.82,1.88,1.95,2.02,2.15,2.2,2.33,2.45,2.5,2.57,2.58,2.68,2.79,2.91,2.83,3.07,3.23,3.43,3.69,3.85,4.09,4.18,4.37,4.49,4.6,4.67,4.73,4.74,4.73,4.67
LUX,Luxembourg,Climate Watch,Bunker Fuels,All GHG,MtCO₂e,1.81,1.85,1.73,1.53,1.38,1.22,1.13,1.12,1.21,1.3,1.27,1.32,1.31,1.22,1.3,1.28,1.18,1.13,1.05,0.97,1.0,0.85,0.76,0.62,0.57,0.5,0.4,0.4,0.41,0.4
HUN,Hungary,Climate Watch,Land-Use Change and Forestry,All GHG,MtCO₂e,1.8,1.83,1.84,1.84,1.27,1.28,1.27,1.28,1.27,2.2,2.19,2.19,2.21,2.21,2.2,2.2,2.26,2.28,2.3,1.53,1.52,1.52,1.53,1.54,1.54,1.52,1.52,1.52,1.52,1.52
DNK,Denmark,Climate Watch,Industrial Processes,All GHG,MtCO₂e,1.71,1.79,1.87,1.82,1.68,1.69,1.74,1.75,1.82,1.7,1.87,2.4,2.74,2.78,2.81,2.92,3.07,3.0,3.04,3.11,2.91,2.69,2.55,2.53,2.41,2.15,2.07,1.99,1.96,1.83
HRV,Croatia,Climate Watch,Industrial Processes,All GHG,MtCO₂e,1.69,1.75,1.85,1.67,1.94,1.93,1.84,2.14,2.28,2.4,2.23,2.67,2.73,2.61,2.5,2.72,2.76,3.02,3.3,3.48,3.81,4.01,4.67,5.08,5.63,5.01,3.94,3.45,1.56,2.04
MLT,Malta,Climate Watch,Energy,All GHG,MtCO₂e,1.68,1.57,1.54,1.37,1.68,2.38,2.39,2.74,2.59,2.61,2.53,2.75,2.74,2.67,2.65,2.62,2.63,2.33,2.51,2.15,2.43,2.4,2.49,2.34,2.4,2.53,2.83,2.19,2.23,2.33
SVN,Slovenia,Climate Watch,Agriculture,All GHG,MtCO₂e,1.62,1.61,1.64,1.65,1.61,1.6,1.59,1.61,1.65,1.67,1.66,1.71,1.67,1.68,1.7,1.72,1.83,1.81,1.86,1.8,1.77,1.88,1.93,1.93,1.97,2.03,2.05,2.07,2.36,2.63
SVK,Slovakia,Climate Watch,Waste,All GHG,MtCO₂e,1.5,1.49,1.49,1.48,1.48,1.49,1.53,1.54,1.58,1.47,1.44,1.41,1.38,1.4,1.34,1.3,1.44,1.43,1.21,1.2,1.19,1.19,1.18,1.17,1.17,1.18,1.2,1.2,1.21,1.21
AUT,Austria,Climate Watch,Waste,All GHG,MtCO₂e,1.41,1.46,1.51,1.57,1.65,1.73,1.83,1.94,2.04,2.16,2.28,2.43,2.54,2.67,2.78,2.92,2.85,2.85,2.85,2.95,3.06,3.18,3.3,3.45,3.64,3.81,3.91,3.93,3.97,3.9
LVA,Latvia,Climate Watch,Bunker Fuels,All GHG,MtCO₂e,1.39,0.58,1.25,1.37,1.13,1.07,1.14,1.13,1.04,1.16,1.18,0.95,0.81,0.83,1.01,0.79,0.72,0.74,0.7,0.11,0.12,0.14,0.33,0.41,0.56,0.97,0.76,0.66,0.75,1.73
LTU,Lithuania,Climate Watch,Industrial Processes,All GHG,MtCO₂e,1.32,1.3,1.28,1.33,1.32,1.2,1.22,1.33,1.49,1.12,1.15,3.45,3.7,3.01,2.87,2.58,2.3,2.21,2.06,1.91,1.73,1.73,1.41,1.27,1.03,1.03,1.17,1.53,1.04,0.99
GRC,Greece,Climate Watch,Land-Use Change and Forestry,All GHG,MtCO₂e,1.28,1.27,1.29,1.3,1.28,1.28,1.28,1.29,1.3,-1.21,-1.21,-1.18,-1.05,-1.18,-1.2,-1.2,-1.2,-1.2,-1.2,-1.0,-1.03,-0.82,-1.01,-1.02,-1.01,-1.02,-1.02,-1.02,-1.02,-1.02
CZE,Czech Republic,Climate Watch,Bunker Fuels,All GHG,MtCO₂e,1.26,1.23,1.06,0.95,0.88,0.88,0.85,0.88,0.93,0.94,1.02,1.07,1.04,1.01,0.96,0.87,0.61,0.51,0.49,0.49,0.41,0.36,0.38,0.41,0.57,0.54,0.44,0.54,0.47,0.66
CYP,Cyprus,Climate Watch,Industrial Processes,All GHG,MtCO₂e,1.09,1.17,1.26,1.24,1.24,1.32,1.09,0.84,0.86,0.84,0.93,1.05,1.01,1.0,0.93,0.94,0.86,0.87,0.83,0.84,0.81,0.8,0.83,0.86,0.8,0.83,0.79,0.73,0.67,0.71
BEL,Belgium,Climate Watch,Waste,All GHG,MtCO₂e,1.06,1.11,1.16,1.21,1.27,1.4,1.49,1.65,1.72,1.78,1.97,2.05,2.22,2.39,2.47,2.7,2.71,3.08,3.28,3.71,3.88,4.14,4.26,4.23,4.32,4.32,4.11,4.29,4.18,4.03
LTU,Lithuania,Climate Watch,Bunker Fuels,All GHG,MtCO₂e,1.0,1.03,0.88,0.81,0.49,0.27,0.49,0.58,0.63,0.6,0.52,0.52,0.58,0.6,0.6,0.46,0.45,0.43,0.41,0.37,0.31,0.25,0.29,0.52,0.57,0.61,0.63,1.13,0.99,0.71
SWE,Sweden,Climate Watch,Waste,All GHG,MtCO₂e,0.99,1.04,1.09,1.14,1.23,1.32,1.43,1.51,1.63,1.75,1.86,1.96,2.24,2.44,2.53,2.7,2.73,2.88,3.07,3.12,3.22,3.35,3.41,3.44,3.48,3.48,3.62,3.74,3.74,3.69
BGR,Bulgaria,Climate Watch,Bunker Fuels,All GHG,MtCO₂e,0.96,1.03,0.97,0.89,0.81,0.77,0.77,0.7,0.75,0.81,1.11,1.02,0.71,0.88,0.92,0.83,0.92,0.71,0.62,0.45,0.24,0.61,0.47,1.43,1.86,1.84,2.06,1.8,1.65,0.9
IRL,Ireland,Climate Watch,Waste,All GHG,MtCO₂e,0.9,0.91,0.91,0.91,0.89,0.79,0.6,0.45,0.52,0.42,0.43,0.61,0.75,1.18,1.15,1.33,1.6,1.59,1.51,1.41,1.41,1.41,1.35,1.61,1.73,1.69,1.65,1.6,1.53,1.45
LTU,Lithuania,Climate Watch,Waste,All GHG,MtCO₂e,0.9,0.91,0.92,0.94,1.0,1.07,1.15,1.19,1.23,1.32,1.36,1.41,1.42,1.45,1.48,1.52,1.55,1.56,1.57,1.54,1.53,1.56,1.57,1.57,1.57,1.54,1.59,1.57,1.59,1.57
DNK,Denmark,Climate Watch,Waste,All GHG,MtCO₂e,0.85,0.88,0.9,0.93,0.96,1.0,1.01,1.04,1.07,1.06,1.11,1.17,1.19,1.21,1.16,1.18,1.47,1.48,1.46,1.43,1.43,1.38,1.43,1.52,1.58,1.67,1.74,1.74,1.77,1.77
SVN,Slovenia,Climate Watch,Industrial Processes,All GHG,MtCO₂e,0.85,0.84,0.83,0.79,0.8,0.82,0.78,0.71,0.67,0.68,0.73,0.89,0.92,0.9,0.85,0.8,0.75,0.71,0.75,0.73,0.68,0.67,0.65,0.63,0.6,0.57,0.47,0.56,0.19,0.26
HUN,Hungary,Climate Watch,Bunker Fuels,All GHG,MtCO₂e,0.84,0.83,0.67,0.58,0.54,0.53,0.5,0.51,0.72,0.71,0.71,0.83,0.75,0.82,0.81,0.7,0.61,0.63,0.66,0.71,0.63,0.59,0.56,0.58,0.55,0.57,0.38,0.41,0.39,0.5
EST,Estonia,Climate Watch,Bunker Fuels,All GHG,MtCO₂e,0.79,1.15,1.18,1.01,1.09,1.18,1.5,1.47,0.74,0.81,0.83,1.01,0.97,0.84,0.54,0.58,0.42,0.43,0.37,0.4,0.42,0.39,0.39,0.34,0.34,0.45,0.54,0.43,0.79,0.69
LVA,Latvia,Climate Watch,Industrial Processes,All GHG,MtCO₂e,0.78,0.79,0.69,0.62,0.72,0.8,0.76,0.78,0.76,0.63,0.36,0.34,0.31,0.28,0.21,0.2,0.18,0.16,0.15,0.12,0.17,0.13,0.13,0.13,0.12,0.1,0.04,0.16,0.02,0.02
SVN,Slovenia,Climate Watch,Bunker Fuels,All GHG,MtCO₂e,0.69,0.82,0.57,0.45,0.28,0.26,0.27,0.23,0.17,0.14,0.19,0.31,0.25,0.17,0.14,0.06,0.08,0.09,0.08,0.07,0.06,0.06,0.06,0.05,0.06,0.05,0.05,0.03,0.02,0.08
HRV,Croatia,Climate Watch,Bunker Fuels,All GHG,MtCO₂e,0.68,0.62,0.47,0.39,0.36,0.38,0.38,0.35,0.39,0.32,0.29,0.39,0.35,0.33,0.34,0.29,0.25,0.27,0.29,0.26,0.31,0.34,0.31,0.38,0.35,0.36,0.18,0.07,0.1,0.59
LVA,Latvia,Climate Watch,Waste,All GHG,MtCO₂e,0.67,0.67,0.67,0.67,0.66,0.7,0.7,0.71,0.69,0.73,0.7,0.72,0.72,0.7,0.69,0.66,0.67,0.72,0.72,0.69,0.63,0.62,0.61,0.59,0.58,0.57,0.58,0.65,0.69,0.66
LUX,Luxembourg,Climate Watch,Agriculture,All GHG,MtCO₂e,0.64,0.64,0.67,0.66,0.65,0.64,0.63,0.62,0.63,0.64,0.63,0.63,0.62,0.6,0.61,0.63,0.61,0.63,0.57,0.57,0.67,0.65,0.65,0.67,0.67,0.66,0.66,0.66,0.67,0.68
ROU,Romania,Climate Watch,Bunker Fuels,All GHG,MtCO₂e,0.57,0.47,1.1,0.98,0.86,0.88,0.63,0.45,0.47,0.55,0.5,0.63,0.48,0.47,0.38,0.41,0.35,0.29,0.34,0.38,0.39,0.42,0.37,0.26,0.56,0.5,0.76,0.75,0.5,0.7
CYP,Cyprus,Climate Watch,Waste,All GHG,MtCO₂e,0.55,0.55,0.55,0.55,0.54,0.53,0.52,0.51,0.5,0.5,0.5,0.49,0.49,0.48,0.49,0.48,0.48,0.47,0.47,0.46,0.45,0.44,0.44,0.43,0.43,0.42,0.41,0.4,0.39,0.39
SVN,Slovenia,Climate Watch,Waste,All GHG,MtCO₂e,0.5,0.51,0.52,0.53,0.53,0.53,0.56,0.59,0.61,0.61,0.62,0.68,0.75,0.79,0.81,0.83,0.83,0.82,0.81,0.8,0.78,0.76,0.74,0.72,0.71,0.7,0.69,0.68,0.68,0.67
EST,Estonia,Climate Watch,Industrial Processes,All GHG,MtCO₂e,0.49,0.51,0.53,0.43,0.43,0.64,0.61,0.61,0.61,0.49,0.42,0.76,0.77,0.57,0.51,0.49,0.45,0.46,0.48,0.46,0.43,0.46,0.44,0.4,0.38,0.36,0.25,0.34,0.01,0.01
LUX,Luxembourg,Climate Watch,Industrial Processes,All GHG,MtCO₂e,0.45,0.43,0.43,0.42,0.4,0.43,0.44,0.44,0.45,0.43,0.42,0.44,0.46,0.46,0.46,0.47,0.43,0.49,0.47,0.53,0.5,0.48,0.47,0.46,0.46,0.51,0.46,0.54,0.52,0.55
CYP,Cyprus,Climate Watch,Agriculture,All GHG,MtCO₂e,0.42,0.41,0.41,0.4,0.39,0.38,0.38,0.42,0.43,0.44,0.42,0.41,0.42,0.43,0.42,0.46,0.48,0.5,0.46,0.43,0.44,0.44,0.43,0.46,0.44,0.43,0.43,0.43,0.38,0.38
SVN,Slovenia,Climate Watch,Land-Use Change and Forestry,All GHG,MtCO₂e,0.36,0.35,0.35,0.35,-2.62,-2.62,-2.62,-2.62,-2.61,-11.51,-11.51,-11.52,-11.52,-11.52,-11.52,-11.52,-11.51,-11.51,-11.51,-9.35,-9.35,-9.39,-9.39,-9.39,-9.39,-9.39,-9.39,-9.39,-9.39,-9.39
PRT,Portugal,Climate Watch,Land-Use Change and Forestry,All GHG,MtCO₂e,0.26,0.28,0.81,0.39,-0.82,-0.85,-0.79,-0.82,-0.84,0.6,0.55,0.55,0.55,0.59,0.92,0.56,0.95,0.58,0.56,1.49,1.52,1.56,1.51,1.59,1.51,1.51,1.51,1.51,1.51,1.51
EST,Estonia,Climate Watch,Waste,All GHG,MtCO₂e,0.24,0.25,0.26,0.27,0.3,0.31,0.34,0.38,0.39,0.44,0.43,0.44,0.46,0.48,0.5,0.53,0.53,0.55,0.56,0.55,0.51,0.5,0.49,0.43,0.39,0.41,0.41,0.39,0.38,0.37
MLT,Malta,Climate Watch,Industrial Processes,All GHG,MtCO₂e,0.21,0.23,0.24,0.26,0.25,0.23,0.22,0.2,0.18,0.15,0.14,0.12,0.1,0.08,0.05,0.03,0.02,0.02,0.02,0.01,0.0,0.0,0.0,0.0,0.0,0.0,0.0,0.0,0.0,0.0
BEL,Belgium,Climate Watch,Land-Use Change and Forestry,All GHG,MtCO₂e,0.2,0.2,0.2,0.2,-2.32,-2.32,-2.32,-2.32,-2.32,-2.97,-2.97,-2.97,-2.97,-2.97,-2.97,-2.97,-2.97,-2.97,-2.96,-3.97,-3.88,-3.88,-3.88,-3.88,-3.88,-3.88,-3.88,-3.88,-3.88,-3.88
MLT,Malta,Climate Watch,Waste,All GHG,MtCO₂e,0.17,0.17,0.16,0.16,0.15,0.14,0.13,0.14,0.14,0.15,0.13,0.12,0.2,0.19,0.18,0.17,0.16,0.15,0.15,0.14,0.13,0.13,0.11,0.11,0.1,0.1,0.09,0.08,0.07,0.07
SVK,Slovakia,Climate Watch,Bunker Fuels,All GHG,MtCO₂e,0.14,0.14,0.12,0.15,0.13,0.11,0.12,0.11,0.13,0.12,0.14,0.19,0.15,0.12,0.12,0.08,0.1,0.14,0.09,0.08,0.06,0.09,0.11,0.12,0.12,0.1,0.0,0.0,0.0,0.0
LVA,Latvia,Climate Watch,Land-Use Change and Forestry,All GHG,MtCO₂e,0.09,0.09,0.08,0.08,0.22,0.22,0.26,0.26,0.25,-10.92,-10.96,-10.97,-11.03,-11.06,-11.09,-11.1,-11.15,-11.19,-11.2,-10.03,-10.26,-10.42,-10.46,-10.5,-10.51,-10.67,-10.67,-10.67,-10.67,-10.67
LUX,Luxembourg,Climate Watch,Waste,All GHG,MtCO₂e,0.08,0.08,0.08,0.07,0.08,0.08,0.08,0.08,0.09,0.09,0.1,0.1,0.1,0.11,0.1,0.11,0.11,0.11,0.11,0.11,0.11,0.11,0.1,0.1,0.1,0.1,0.11,0.11,0.11,0.11
MLT,Malta,Climate Watch,Agriculture,All GHG,MtCO₂e,0.08,0.08,0.08,0.08,0.09,0.09,0.09,0.09,0.09,0.1,0.1,0.11,0.11,0.12,0.12,0.11,0.12,0.12,0.12,0.12,0.12,0.11,0.12,0.12,0.12,0.13,0.13,0.13,0.13,0.12
IRN,Iran,Climate Watch,Land-Use Change and Forestry,All GHG,MtCO₂e,0.06,0.06,0.06,0.06,0.0,0.0,0.0,0.0,0.0,-44.2,-44.27,-44.27,-44.27,-44.27,-44.27,-44.27,-44.27,-44.27,-44.27,-20.4,-20.38,-20.4,-20.4,-20.36,-20.41,-20.41,-20.41,-20.41,-20.41,-20.41
MLT,Malta,Climate Watch,Land-Use Change and Forestry,All GHG,MtCO₂e,0.0,0.0,0.0,0.0,0.0,0.0,0.0,0.0,0.0,0.0,0.0,0.0,0.0,0.0,0.0,0.0,0.0,0.0,0.0,0.0,0.0,0.0,0.0,0.0,0.0,0.0,0.0,0.0,0.0,0.0
CYP,Cyprus,Climate Watch,Land-Use Change and Forestry,All GHG,MtCO₂e,-0.25,-0.25,-0.25,-0.25,-0.32,-0.32,-0.32,-0.32,-0.32,-0.26,-0.26,-0.26,-0.26,-0.26,-0.26,-0.26,-0.26,-0.26,-0.26,-0.07,-0.07,-0.07,-0.07,-0.07,-0.07,-0.07,-0.07,-0.07,-0.07,-0.07
LUX,Luxembourg,Climate Watch,Land-Use Change and Forestry,All GHG,MtCO₂e,-0.28,-0.28,-0.27,-0.28,-0.24,-0.24,-0.24,-0.24,-0.24,-0.51,-0.51,-0.51,-0.51,-0.51,-0.51,-0.51,-0.51,-0.51,-0.51,-0.55,-0.64,-0.64,-0.64,-0.64,-0.64,-0.64,-0.64,-0.64,-0.64,-0.64
SVK,Slovakia,Climate Watch,Land-Use Change and Forestry,All GHG,MtCO₂e,-1.03,-1.03,-1.03,-1.03,-7.57,-7.57,-7.57,-7.57,-7.57,-8.37,-8.37,-8.37,-8.37,-8.37,-8.37,-8.37,-8.37,-8.37,-8.37,-9.4,-9.4,-9.4,-9.4,-9.4,-9.4,-9.4,-9.4,-9.4,-9.4,-9.4
HRV,Croatia,Climate Watch,Land-Use Change and Forestry,All GHG,MtCO₂e,-4.34,-4.35,-4.34,-4.35,-1.49,-1.5,-1.5,-1.5,-1.48,-0.83,-0.83,-0.83,-0.83,-0.84,-0.83,-0.83,-0.83,-0.83,-0.83,-0.84,-0.85,-0.79,-0.84,-0.85,-0.85,-0.85,-0.85,-0.85,-0.85,-0.85
CZE,Czech Republic,Climate Watch,Land-Use Change and Forestry,All GHG,MtCO₂e,-5.67,-5.67,-5.67,-5.67,-3.49,-3.49,-3.49,-3.49,-3.49,-6.8,-6.8,-6.8,-6.8,-6.8,-6.8,-6.8,-6.8,-6.79,-6.79,-9.29,-9.29,-9.29,-9.29,-9.29,-9.29,-9.29,-9.29,-9.29,-9.29,-9.29
AUT,Austria,Climate Watch,Land-Use Change and Forestry,All GHG,MtCO₂e,-6.93,-6.93,-6.93,-6.93,-6.88,-6.87,-6.87,-6.88,-6.88,-5.97,-5.97,-5.98,-5.98,-5.98,-5.97,-5.98,-5.98,-5.98,-5.98,-13.29,-13.3,-13.31,-13.3,-13.3,-13.3,-13.3,-13.3,-13.3,-13.3,-13.3
SWE,Sweden,Climate Watch,Land-Use Change and Forestry,All GHG,MtCO₂e,-11.35,-11.63,-12.13,-12.27,-17.86,-17.83,-17.96,-17.98,-18.03,-6.84,-7.1,-7.27,-7.38,-7.45,-7.51,-7.72,-7.87,-7.94,-7.96,5.61,5.42,5.34,5.29,5.28,5.28,5.25,5.25,5.25,5.25,5.25
DEU,Germany,Climate Watch,Land-Use Change and Forestry,All GHG,MtCO₂e,-11.57,-11.49,-11.49,-11.48,-11.3,-11.29,-11.27,-11.26,-11.26,-0.39,-0.39,-0.39,-0.37,-0.38,-0.37,-0.38,-0.23,-0.08,0.03,-32.96,-32.89,-32.81,-32.8,-32.79,-32.73,-32.77,-32.76,-32.75,-32.75,-32.75
ITA,Italy,Climate Watch,Land-Use Change and Forestry,All GHG,MtCO₂e,-12.92,-12.9,-12.85,-12.9,-34.76,-34.75,-34.75,-34.71,-34.74,-34.8,-34.79,-34.79,-34.73,-34.8,-34.8,-34.79,-34.79,-34.8,-34.8,-34.56,-34.58,-34.58,-34.59,-34.59,-34.59,-34.59,-34.59,-34.59,-34.59,-34.59
ESP,Spain,Climate Watch,Land-Use Change and Forestry,All GHG,MtCO₂e,-13.89,-13.92,-13.85,-13.89,-7.87,-7.89,-7.88,-7.84,-7.87,-19.17,-19.14,-19.17,-19.14,-19.01,-19.08,-19.13,-19.08,-19.15,-19.19,-42.48,-42.57,-42.5,-42.42,-42.62,-42.67,-42.66,-42.66,-42.66,-42.66,-42.66
POL,Poland,Climate Watch,Land-Use Change and Forestry,All GHG,MtCO₂e,-17.47,-17.4,-17.41,-17.38,-11.57,-11.57,-11.53,-11.53,-11.53,-56.06,-56.06,-56.03,-56.02,-56.01,-56.01,-56.01,-55.86,-55.77,-55.69,2.28,2.3,2.4,2.42,2.47,2.64,2.69,2.71,2.71,2.71,2.71
ROU,Romania,Climate Watch,Land-Use Change and Forestry,All GHG,MtCO₂e,-22.91,-22.93,-22.92,-22.93,-285.17,-285.16,-285.16,-285.13,-285.14,-2.73,-2.73,-2.74,-2.73,-2.72,-2.74,-2.74,-2.73,-2.73,-2.73,0.67,0.68,0.68,0.68,0.68,0.66,0.66,0.66,0.66,0.66,0.66
JPN,Japan,Climate Watch,Land-Use Change and Forestry,All GHG,MtCO₂e,-31.78,-31.76,-31.77,-31.77,-49.45,-49.38,-49.34,-49.28,-49.2,-97.84,-97.74,-97.6,-97.52,-97.37,-97.31,-97.24,-97.24,-97.23,-97.21,-75.51,-75.5,-75.52,-75.51,-75.49,-75.46,-75.49,-75.44,-75.39,-75.39,-75.39
IND,India,Climate Watch,Land-Use Change and Forestry,All GHG,MtCO₂e,-31.86,-29.25,-27.95,-30.76,-62.54,-61.16,-60.05,-55.84,-61.81,12.38,14.28,6.94,9.29,7.15,6.82,8.89,6.91,4.31,4.62,-220.67,-219.33,-220.9,-220.92,-220.69,-217.76,-217.78,-217.78,-217.78,-217.78,-217.78
BGR,Bulgaria,Climate Watch,Land-Use Change and Forestry,All GHG,MtCO₂e,-33.88,-33.88,-33.88,-33.87,-12.19,-12.19,-12.19,-12.18,-12.18,-23.62,-23.63,-23.63,-23.6,-23.62,-23.62,-23.62,-23.62,-23.62,-23.62,-21.8,-21.83,-21.82,-21.83,-21.82,-21.83,-21.83,-21.83,-21.83,-21.83,-21.83
KOR,South Korea,Climate Watch,Land-Use Change and Forestry,All GHG,MtCO₂e,-45.8,-45.8,-45.8,-45.8,-50.46,-50.45,-50.45,-50.46,-50.44,-60.12,-60.11,-60.12,-60.11,-60.12,-60.1,-60.11,-60.11,-60.11,-60.12,-42.41,-42.43,-42.43,-42.43,-42.43,-42.43,-42.43,-42.43,-42.43,-42.43,-42.43
FRA,France,Climate Watch,Land-Use Change and Forestry,All GHG,MtCO₂e,-61.39,-61.42,-61.36,-61.42,-60.54,-60.52,-60.54,-60.48,-60.54,-65.92,-65.9,-65.91,-65.92,-65.92,-65.88,-65.9,-65.76,-65.79,-65.75,-24.35,-24.35,-24.32,-24.32,-24.31,-24.3,-24.3,-24.29,-24.29,-24.29,-24.29
EUU,European Union (27),Climate Watch,Land-Use Change and Forestry,All GHG,MtCO₂e,-161.43,-161.71,-161.87,-162.67,-503.49,-503.46,-503.39,-503.25,-503.5,-242.89,-243.36,-243.59,-243.52,-243.76,-243.64,-244.33,-243.85,-244.17,-244.07,-204.61,-205.58,-205.89,-206.38,-206.46,-206.33,-206.64,-206.59,-206.56,-206.48,-206.48
USA,United States,Climate Watch,Land-Use Change and Forestry,All GHG,MtCO₂e,-220.19,-219.06,-218.99,-220.19,-406.3,-407.58,-407.49,-407.56,-407.28,-390.82,-390.53,-389.44,-389.55,-390.33,-390.43,-390.11,-389.89,-389.92,-390.91,-405.09,-405.29,-405.84,-407.42,-405.71,-406.69,-406.92,-406.77,-406.62,-406.62,-406.62
RUS,Russia,Climate Watch,Land-Use Change and Forestry,All GHG,MtCO₂e,-529.3,-528.74,-532.12,-529.2,-661.3,-654.31,-661.65,-654.01,-658.08,-739.73,-742.1,-736.42,-743.4,-740.26,-742.62,-739.3,-738.16,-740.51,-742.95,-340.61,-342.06,-337.73,-344.77,-331.98,-345.4,-345.38,-345.37,-345.36,-345.08,-345.08
CHN,China,Climate Watch,Land-Use Change and Forestry,All GHG,MtCO₂e,-647.28,-647.35,-647.64,-647.39,-707.51,-707.18,-707.55,-707.57,-707.43,-329.15,-329.25,-328.28,-329.41,-329.6,-329.43,-329.02,-328.87,-329.71,-329.42,-345.56,-345.77,-345.65,-345.89,-345.97,-346.44,-346.49,-346.49,-346.49,-346.49,-346.49
